{
  "case": "cavity_flow",
  "status": "SUCCESS",
  "elapsed_time_seconds": 3.4350905418395996,
  "timestamp": "2026-05-25T17:34:52.266846",
  "data_shape": [
    32768,
    500
  ],
  "modes_count": 500,
  "energy_values": [
    64.42791330830924,
    52.735448825950044,
    45.62915564753642,
    6.127722671825646,
    4.053963424398668,
    4.046088712211735,
    4.039439084207718,
    4.033631485514799,
    4.030396514141474,
    4.0188169991187594,
    4.014062151727741,
    4.01113913846044,
    4.00466894501055,
    4.003661062728981,
    4.000257264634062,
    3.9988249686822845,
    3.998469024024345,
    3.9930441642031225,
    3.9889714405465817,
    3.987305041701665
  ],
  "cumulative_energy_90": 360.0,
  "cumulative_energy_95": 427.0,
  "cumulative_energy_99": 484.0
}